1,Avatar,2009-12-10,http://www.avatarmovie.com/,237000000,11800
2,Pirates of the Caribbean: At World's End,2007-05-19,http://disney.go.com/disneypictures/pirates/,300000000,4500
3,Spectre,2015-10-26,http://www.sonypictures.com/movies/spectre/,245000000,4466
4,The Dark Knight Rises,2012-07-16,http://www.thedarkknightrises.com/,250000000,9106
5,John Carter,2012-03-07,http://movies.disney.com/john-carter,260000000,2124
6,Spider-Man 3,2007-05-01,http://www.sonypictures.com/movies/spider-man3/,258000000,3576
7,Tangled,2010-11-24,http://disney.go.com/disneypictures/tangled/,260000000,3330
8,Avengers: Age of Ultron,2015-04-22,http://marvel.com/movies/movie/193/avengers_age_of_ultron,280000000,6767
9,Harry Potter and the Half-Blood Prince,2009-07-07,http://harrypotter.warnerbros.com/harrypotterandthehalf-bloodprince/dvd/index.html,250000000,5293
10,Batman v Superman: Dawn of Justice,2016-03-23,http://www.batmanvsupermandawnofjustice.com/,250000000,7004
11,Superman Returns,2006-06-28,http://www.superman.com,270000000,1400
12,Quantum of Solace,2008-10-30,http://www.mgm.com/view/movie/234/Quantum-of-Solace/,200000000,2965
13,Pirates of the Caribbean: Dead Man's Chest,2006-06-20,http://disney.go.com/disneypictures/pirates/,200000000,5246
14,The Lone Ranger,2013-07-03,http://disney.go.com/the-lone-ranger/,255000000,2311
15,Man of Steel,2013-06-12,http://www.manofsteel.com/,225000000,6359
16,The Chronicles of Narnia: Prince Caspian,2008-05-15,,225000000,1630
17,The Avengers,2012-04-25,http://marvel.com/avengers_movie/,220000000,11776
18,Pirates of the Caribbean: On Stranger Tides,2011-05-14,http://disney.go.com/pirates/index-on-stranger-tides.html#/video/,380000000,4948
19,Men in Black 3,2012-05-23,http://www.sonypictures.com/movies/meninblack3/,225000000,4160
20,The Hobbit: The Battle of the Five Armies,2014-12-10,http://www.thehobbit.com/,250000000,4760
21,The Amazing Spider-Man,2012-06-27,http://www.theamazingspiderman.com,215000000,6586
22,Robin Hood,2010-05-12,http://www.robinhoodthemovie.com/,200000000,1398
23,The Hobbit: The Desolation of Smaug,2013-12-11,http://www.thehobbit.com/,250000000,4524
24,The Golden Compass,2007-12-04,http://www.goldencompassmovie.com/index_german.html,180000000,1303
25,King Kong,2005-12-14,,207000000,2337
26,Titanic,1997-11-18,http://www.titanicmovie.com,200000000,7562
27,Captain America: Civil War,2016-04-27,http://marvel.com/captainamericapremiere,250000000,7241
28,Battleship,2012-04-11,,209000000,2114
29,Jurassic World,2015-06-09,http://www.jurassicworld.com/,150000000,8662
30,Skyfall,2012-10-25,http://www.skyfall-movie.com,200000000,7604
31,Spider-Man 2,2004-06-25,http://www.sonypictures.com/movies/spider-man2/,200000000,4321
32,Iron Man 3,2013-04-18,http://marvel.com/ironman3,200000000,8806
33,Alice in Wonderland,2010-03-03,http://disney.go.com/wonderland/,200000000,4645
34,X-Men: The Last Stand,2006-05-24,,210000000,3525
35,Monsters University,2013-06-20,,200000000,3528
36,Transformers: Revenge of the Fallen,2009-06-19,http://www.transformersmovie.com/,150000000,3138
37,Transformers: Age of Extinction,2014-06-25,http://www.transformersmovie.com,210000000,3095
38,Oz: The Great and Powerful,2013-03-07,http://www.ozthegreatandpowerfulmovie.com,200000000,3530
39,The Amazing Spider-Man 2,2014-04-16,http://www.theamazingspiderman.com,200000000,4179
40,TRON: Legacy,2010-12-10,http://disney.go.com/tron/,170000000,2841
41,Cars 2,2011-06-11,http://www.disney.go.com/cars/,200000000,2033
42,Green Lantern,2011-06-16,http://greenlanternmovie.warnerbros.com/,200000000,2487
43,Toy Story 3,2010-06-16,http://disney.go.com/toystory/,200000000,4597
44,Terminator Salvation,2009-05-20,https://www.warnerbros.com/terminator-salvation,200000000,2463
45,Furious 7,2015-04-01,http://www.furious7.com/,190000000,4176
46,World War Z,2013-06-20,http://www.worldwarzmovie.com,200000000,5560
47,X-Men: Days of Future Past,2014-05-15,http://www.x-menmovies.com/,250000000,6032
48,Star Trek Into Darkness,2013-05-05,,190000000,4418
49,Jack the Giant Slayer,2013-02-27,http://jackthegiantkiller.warnerbros.com,195000000,2598
50,The Great Gatsby,2013-05-10,,105000000,3769
51,Prince of Persia: The Sands of Time,2010-05-19,http://disney.go.com/disneypictures/princeofpersia,150000000,2317
52,Pacific Rim,2013-07-11,http://www.pacificrimmovie.com/,180000000,4794
53,Transformers: Dark of the Moon,2011-06-28,http://www.transformersmovie.com/,195000000,3299
54,Indiana Jones and the Kingdom of the Crystal Skull,2008-05-21,http://www.indianajones.com/site/index.html,185000000,2495
55,The Good Dinosaur,2015-11-14,http://movies.disney.com/the-good-dinosaur,175000000,1736
56,Brave,2012-06-21,http://disney.go.com/brave/#/home,185000000,4641
57,Star Trek Beyond,2016-07-07,http://www.startrekmovie.com/,185000000,2568
58,WALL·E,2008-06-22,http://disney.go.com/disneypictures/wall-e/,180000000,6296
59,Rush Hour 3,2007-08-08,,140000000,783
60,2012,2009-10-10,http://www.sonypictures.com/movies/2012,200000000,4903
61,A Christmas Carol,2009-11-04,http://disney.go.com/disneypictures/achristmascarol/?cmp=dcom_VAN_WDSHE_ACC_van_dcomcc__Extl,200000000,1095
62,Jupiter Ascending,2015-02-04,http://www.jupiterascending.com,176000003,2768
63,The Legend of Tarzan,2016-06-29,http://legendoftarzan.com,180000000,2430
64,"The Chronicles of Narnia: The Lion, the Witch and the Wardrobe",2005-12-07,,180000000,2629
65,X-Men: Apocalypse,2016-05-18,http://www.foxmovies.com/movies/x-men-apocalypse,178000000,4721
66,The Dark Knight,2008-07-16,http://thedarkknight.warnerbros.com/dvdsite/,185000000,12002
67,Up,2009-05-13,http://disney.go.com/disneypictures/up/,175000000,6870
68,Monsters vs Aliens,2009-03-19,http://www.monstersvsaliens.com/,175000000,1423
69,Iron Man,2008-04-30,http://www.ironmanmovie.com/,140000000,8776
70,Hugo,2011-11-22,http://www.hugomovie.com/,170000000,2141
71,Wild Wild West,1999-06-29,,170000000,1020
72,The Mummy: Tomb of the Dragon Emperor,2008-07-01,http://www.themummy.com/,145000000,1387
73,Suicide Squad,2016-08-02,http://www.suicidesquad.com/,175000000,7458
74,Evan Almighty,2007-06-09,http://www.evanalmighty.com/,175000000,1151
75,Edge of Tomorrow,2014-05-27,http://www.edgeoftomorrowmovie.com/,178000000,4858
76,Waterworld,1995-07-28,,175000000,992
77,G.I. Joe: The Rise of Cobra,2009-08-04,http://www.gijoemovie.com/,175000000,1962
78,Inside Out,2015-06-09,http://movies.disney.com/inside-out,175000000,6560
79,The Jungle Book,2016-04-07,http://movies.disney.com/the-jungle-book-2016,175000000,2892
80,Iron Man 2,2010-04-28,http://www.ironmanmovie.com/,200000000,6849
81,Snow White and the Huntsman,2012-05-30,http://www.snowwhiteandthehuntsman.com/,170000000,3118
82,Maleficent,2014-05-28,http://movies.disney.com/maleficent,180000000,4496
83,Dawn of the Planet of the Apes,2014-06-26,http://www.dawnofapes.com/,170000000,4410
84,The Lovers,2015-02-13,,27000000,34
85,47 Ronin,2013-12-06,,175000000,1326
86,Captain America: The Winter Soldier,2014-03-20,http://www.captainamericathewintersoldiermovie.com,170000000,5764
87,Shrek Forever After,2010-05-16,http://www.shrekforeverafter.com/,165000000,1959
88,Tomorrowland,2015-05-19,http://movies.disney.com/tomorrowland,190000000,2846
89,Big Hero 6,2014-10-24,http://movies.disney.com/big-hero-6,165000000,6135
90,Wreck-It Ralph,2012-11-01,http://disney.go.com/wreck-it-ralph,165000000,4570
91,The Polar Express,2004-11-10,,165000000,1474
92,Independence Day: Resurgence,2016-06-22,http://www.warof1996.com,165000000,2491
93,How to Train Your Dragon,2010-03-05,http://www.howtotrainyourdragon.com/,165000000,4227
94,Terminator 3: Rise of the Machines,2003-07-02,,200000000,2143
95,Guardians of the Galaxy,2014-07-30,,170000000,9742
96,Interstellar,2014-11-05,http://www.interstellarmovie.net/,165000000,10867
97,Inception,2010-07-14,http://inceptionmovie.warnerbros.com/,160000000,13752
98,シン・ゴジラ,2016-07-29,,15000000,143
99,The Hobbit: An Unexpected Journey,2012-11-26,http://www.thehobbit.com/,250000000,8297
100,The Fast and the Furious,2001-06-22,,38000000,3428
101,The Curious Case of Benjamin Button,2008-11-24,http://www.benjaminbutton.com/,150000000,3292
102,X-Men: First Class,2011-05-24,http://www.x-menfirstclassmovie.com/,160000000,5181
103,The Hunger Games: Mockingjay - Part 2,2015-11-18,http://www.thehungergames.movie/,160000000,3984
104,The Sorcerer's Apprentice,2010-07-13,http://disney.go.com/disneypictures/sorcerersapprentice/,150000000,1470
105,Poseidon,2006-05-12,http://www2.warnerbros.com/poseidon/,160000000,583
106,Alice Through the Looking Glass,2016-05-25,http://movies.disney.com/alice-through-the-looking-glass,170000000,1725
107,Shrek the Third,2007-05-17,http://www.shrekthethird.com/flash/index.html,160000000,2278
108,Warcraft,2016-05-25,http://www.warcraft-themovie.com/,160000000,2268
109,Terminator Genisys,2015-06-23,http://www.terminatormovie.com/,155000000,3631
110,The Chronicles of Narnia: The Voyage of the Dawn Treader,2010-08-13,,155000000,1514
111,Pearl Harbor,2001-05-21,,140000000,1791
112,Transformers,2007-06-27,http://www.transformersmovie.com/,150000000,4040
113,Alexander,2004-11-21,,155000000,927
114,Harry Potter and the Order of the Phoenix,2007-06-28,http://www.harrypotterorderofthephoenix.com/,150000000,5494
115,Harry Potter and the Goblet of Fire,2005-11-05,http://harrypotter.warnerbros.com/,150000000,5608
116,Hancock,2008-07-01,http://www.sonypictures.com/movies/hancock/,150000000,2961
117,I Am Legend,2007-12-14,http://iamlegend.warnerbros.com/,150000000,4853
118,Charlie and the Chocolate Factory,2005-07-13,https://www.warnerbros.com/charlie-and-chocolate-factory,150000000,3624
119,Ratatouille,2007-06-22,http://disney.go.com/disneypictures/ratatouille/,150000000,4369
120,Batman Begins,2005-06-10,http://www2.warnerbros.com/batmanbegins/index.html,150000000,7359
121,Madagascar: Escape 2 Africa,2008-10-30,http://www.madagascar-themovie.com,150000000,1810
122,Night at the Museum: Battle of the Smithsonian,2009-05-20,http://www.nightatthemuseummovie.com,150000000,1971
123,X-Men Origins: Wolverine,2009-04-28,http://www.x-menorigins.com/,150000000,4021
124,The Matrix Revolutions,2003-11-05,,150000000,3096
125,Frozen,2013-11-27,http://movies.disney.com/frozen,150000000,5295
126,The Matrix Reloaded,2003-05-15,,150000000,3443
127,Thor: The Dark World,2013-10-29,http://marvel.com/thor,170000000,4755
128,Mad Max: Fury Road,2015-05-13,http://www.madmaxmovie.com/,150000000,9427
129,Angels & Demons,2009-05-13,http://www.angelsanddemons.com/,150000000,2129
130,Thor,2011-04-21,http://thor.marvel.com/,150000000,6525
131,Bolt,2008-11-21,http://movies.disney.com/bolt,150000000,1750
132,G-Force,2009-07-21,http://disney.go.com/disneypictures/gforce/,150000000,510
133,Wrath of the Titans,2012-03-27,http://www.wrathofthetitansmovie.org,150000000,1431
134,Dark Shadows,2012-05-08,http://darkshadowsmovie.warnerbros.com,150000000,2320
135,Mission: Impossible - Rogue Nation,2015-07-23,http://www.missionimpossible.com,150000000,3224
136,The Wolfman,2010-02-11,http://www.thewolfmanmovie.com/,150000000,549
137,Bee Movie,2007-10-28,http://www.beemovie.com/,150000000,1171
138,Kung Fu Panda 2,2011-05-25,http://www.kungfupanda.com/,150000000,1880
139,The Last Airbender,2010-06-30,http://www.thelastairbendermovie.com/,150000000,1151
140,Mission: Impossible III,2006-05-03,http://www.missionimpossible.com/,150000000,2028
141,White House Down,2013-06-27,,150000000,1891
142,Mars Needs Moms,2011-03-09,http://disney.go.com/disneypictures/marsneedsmoms/#home,150000000,199
143,Flushed Away,2006-10-22,http://www.dreamworksanimation.com/flushed/,149000000,874
144,Pan,2015-09-24,,150000000,954
145,Mr. Peabody & Sherman,2014-02-07,,145000000,843
146,Troy,2004-05-13,,175000000,2759
147,Madagascar 3: Europe's Most Wanted,2012-06-06,,145000000,1808
148,Die Another Day,2002-11-17,http://www.mgm.com/view/movie/232/Die-Another-Day/,140000000,1092
149,Ghostbusters,2016-07-14,http://www.ghostbusters.com/,144000000,2142
150,Armageddon,1998-07-01,,140000000,2482
151,Men in Black II,2002-07-03,http://www.sonypictures.com/homevideo/meninblackii/,140000000,3114
152,Beowulf,2007-11-05,http://www.beowulfmovie.com/,70000000,841
153,Kung Fu Panda 3,2016-01-23,http://www.kungfupanda.com/,145000000,1603
154,Mission: Impossible - Ghost Protocol,2011-12-07,http://www.missionimpossible.com/,145000000,3972
155,Rise of the Guardians,2012-11-21,http://www.riseoftheguardians.com/,145000000,1922
156,Fun with Dick and Jane,2005-12-21,http://www.sonypictures.com/movies/funwithdickandjane/,100000000,627
157,The Last Samurai,2003-12-05,,140000000,1895
158,Exodus: Gods and Kings,2014-12-03,http://www.exodusgodsandkings.com/,140000000,1921
159,Star Trek,2009-05-06,,150000000,4518
160,Spider-Man,2002-05-01,http://www.sonypictures.com/movies/spider-man/,139000000,5265
161,How to Train Your Dragon 2,2014-06-12,http://www.howtotrainyourdragon.com/,145000000,3106
162,Gods of Egypt,2016-02-25,,140000000,1277
163,Stealth,2005-07-28,,135000000,331
164,Watchmen,2009-03-05,https://www.warnerbros.com/watchmen,130000000,2811
165,Lethal Weapon 4,1998-07-10,,140000000,767
166,Hulk,2003-06-19,,137000000,1533
167,G.I. Joe: Retaliation,2013-03-26,http://www.gijoemovie.com,130000000,3025
168,Sahara,2005-04-06,,130000000,434
169,Final Fantasy: The Spirits Within,2001-07-02,,137000000,433
170,Captain America: The First Avenger,2011-07-22,http://captainamerica.marvel.com/,140000000,7047
171,The World Is Not Enough,1999-11-08,http://www.mgm.com/view/movie/231/The-World-Is-Not-Enough/,135000000,862
172,Master and Commander: The Far Side of the World,2003-11-14,http://www.masterandcommanderthefarsideoftheworld.com/,150000000,790
173,The Twilight Saga: Breaking Dawn - Part 2,2012-11-13,,120000000,2553
174,Happy Feet Two,2011-11-17,http://happyfeettwo.warnerbros.com/index.html,130000000,373
175,The Incredible Hulk,2008-06-12,,150000000,3021
176,The BFG,2016-06-01,http://movies.disney.com/the-bfg,140000000,1000
177,The Revenant,2015-12-25,http://www.foxmovies.com/movies/the-revenant,135000000,6396
178,Turbo,2013-07-11,http://www.turbomovie.com/,135000000,1074
179,Rango,2011-03-02,http://www.rangomovie.com/,135000000,2051
180,Penguins of Madagascar,2014-11-22,,132000000,1346
181,The Bourne Ultimatum,2007-08-03,http://www.universalstudiosentertainment.com/the-bourne-ultimatum/,70000000,2888
182,Kung Fu Panda,2008-06-04,http://www.kungfupanda.com/,130000000,3145
183,Ant-Man,2015-07-14,http://marvel.com/movies/movie/180/ant-man,130000000,5880
184,The Hunger Games: Catching Fire,2013-11-15,http://www.thehungergames.movie/,130000000,6495
185,Home,2015-03-18,http://www.meettheboov.com/,135000000,1519
186,War of the Worlds,2005-06-28,,132000000,2322
187,Bad Boys II,2003-07-18,,130000000,1564
188,Puss in Boots,2011-10-28,,130000000,451
189,Salt,2010-07-21,http://www.sonypictures.com/homevideo/salt/,110000000,2093
190,Noah,2014-03-20,http://www.noahmovie.com,125000000,2350
191,The Adventures of Tintin,2011-10-25,http://www.us.movie.tintin.com/,130000000,2061
192,Harry Potter and the Prisoner of Azkaban,2004-05-31,,130000000,5877
193,Australia,2008-11-18,,130000000,694
194,After Earth,2013-05-30,,130000000,2532
195,Dinosaur,2000-05-19,,127500000,542
196,Night at the Museum: Secret of the Tomb,2014-12-17,,127000000,1851
197,Megamind,2010-10-28,http://www.megamind.com,130000000,1918
198,Harry Potter and the Philosopher's Stone,2001-11-16,http://harrypotter.warnerbros.com/harrypotterandthedeathlyhallows/mainsite/index.html,125000000,7006
199,R.I.P.D.,2013-07-18,http://www.ripd.com/,130000000,1260
200,Pirates of the Caribbean: The Curse of the Black Pearl,2003-07-09,http://disney.go.com/disneyvideos/liveaction/pirates/main_site/main.html,140000000,6985
201,The Hunger Games: Mockingjay - Part 1,2014-11-18,http://www.thehungergames.movie/,125000000,5584
202,The Da Vinci Code,2006-05-17,http://www.sonypictures.com/homevideo/thedavincicode/index.html,125000000,2704
203,Rio 2,2014-03-19,http://www.riomovies.com/,103000000,978
204,X2,2003-04-24,,110000000,3506
205,Fast Five,2011-04-20,http://www.watchvideoseries.com/movies/fast-five-2011-2/,125000000,2438
206,Sherlock Holmes: A Game of Shadows,2011-11-22,http://sherlockholmes2.warnerbros.com/index.html,125000000,3886
207,Clash of the Titans,2010-04-01,http://www.clash-of-the-titans.com/,125000000,2233
208,Total Recall,1990-06-01,,65000000,1710
209,The 13th Warrior,1999-08-27,,160000000,510
210,The Bourne Legacy,2012-08-08,http://www.thebournelegacy.com/,130000000,2651
211,Batman & Robin,1997-06-20,,125000000,1418
212,How the Grinch Stole Christmas,2000-11-17,http://www.grinched.com/,123000000,1386
213,The Day After Tomorrow,2004-05-26,http://www.thedayaftertomorrow.com/,125000000,2392
214,Mission: Impossible II,2000-05-24,http://www.missionimpossible.com/,125000000,1928
215,The Perfect Storm,2000-03-15,,120000000,597
216,4: Rise of the Silver Surfer,2007-06-13,,130000000,2589
217,Life of Pi,2012-11-20,http://www.lifeofpimovie.com/,120000000,5797
218,Ghost Rider,2007-02-16,http://www.sonypictures.com/movies/ghostrider/,110000000,1712
219,Jason Bourne,2016-07-27,http://www.jasonbournemovie.com,120000000,2341
220,Charlie's Angels: Full Throttle,2003-06-27,,120000000,914
221,Prometheus,2012-05-30,http://www.projectprometheus.com/,130000000,5080
222,Stuart Little 2,2002-07-19,,120000000,613
223,Elysium,2013-08-07,,115000000,3439
224,The Chronicles of Riddick,2004-06-11,,105000000,1570
225,RoboCop,2014-01-30,http://www.robocop.com,120000000,2342
226,Speed Racer,2008-05-09,http://www.speedracerthemovie.warnerbros.com/,120000000,354
227,How Do You Know,2010-12-17,http://www.howdoyouknow-movie.com/,120000000,223
228,Knight and Day,2010-06-15,http://www.knightanddaymovie.com,117000000,1547
229,Oblivion,2013-04-10,https://www.uphe.com/movies/oblivion,120000000,4800
230,Star Wars: Episode III - Revenge of the Sith,2005-05-17,http://www.starwars.com/films/star-wars-episode-iii-revenge-of-the-sith,113000000,4116
231,Star Wars: Episode II - Attack of the Clones,2002-05-15,http://www.starwars.com/films/star-wars-episode-ii-attack-of-the-clones,120000000,3992
232,"Monsters, Inc.",2001-11-01,http://movies.disney.com/monsters-inc,115000000,5996
233,The Wolverine,2013-07-23,http://www.thewolverinemovie.com,120000000,4053
234,Star Wars: Episode I - The Phantom Menace,1999-05-19,http://www.starwars.com/films/star-wars-episode-i-the-phantom-menace,115000000,4432
235,The Croods,2013-03-20,http://www.thecroodsmovie.com/,135000000,2399
236,Astérix aux Jeux Olympiques,2008-01-13,http://www.asterixauxjeuxolympiques.com/index.php,97250400,471
237,Windtalkers,2002-06-14,,115000000,341
238,The Huntsman: Winter's War,2016-04-06,http://www.thehuntsmanmovie.com/,115000000,1523
239,Teenage Mutant Ninja Turtles,2014-08-07,http://www.teenagemutantninjaturtlesmovie.com,125000000,2636
240,Gravity,2013-09-27,http://gravitymovie.warnerbros.com/,105000000,5751
241,Dante's Peak,1997-02-07,,116000000,428
242,Teenage Mutant Ninja Turtles: Out of the Shadows,2016-06-01,http://www.teenagemutantninjaturtlesmovie.com/,135000000,963
243,Fantastic Four,2015-08-05,http://www.fantasticfourmovie.com/,120000000,2278
244,Night at the Museum,2006-10-20,,110000000,2862
245,San Andreas,2015-05-27,http://www.sanandreasmovie.com/,110000000,2968
246,Tomorrow Never Dies,1997-12-11,http://www.mgm.com/view/movie/2029/Tomorrow-Never-Dies/,110000000,925
247,The Patriot,2000-06-28,,110000000,1099
248,Ocean's Twelve,2004-12-09,http://oceans12.warnerbros.com/,110000000,2124
249,Mr. & Mrs. Smith,2005-06-07,,110000000,2965
250,Insurgent,2015-03-18,http://www.thedivergentseries.movie/#insurgent,110000000,3829
251,The Aviator,2004-12-17,,116000000,1489
252,Gulliver's Travels,2010-12-25,,112000000,621
253,The Green Hornet,2011-01-12,http://www.sonypictures.com/movies/thegreenhornet/,120000000,1251
254,300: Rise of an Empire,2014-03-05,http://www.300themovie.com/,110000000,2397
255,The Smurfs,2011-07-29,http://www.smurfhappens.com/,110000000,1179
256,Home on the Range,2004-04-02,http://movies.disney.com/home-on-the-range,110000000,389
257,Allegiant,2016-03-09,http://www.thedivergentseries.movie/#allegiant,110000000,1998
258,Real Steel,2011-09-28,http://www.steelgetsreal.com/,110000000,2692
259,The Smurfs 2,2013-07-30,http://smurfhappens.com,105000000,695
260,Speed 2: Cruise Control,1997-06-13,,160000000,434
261,Ender's Game,2013-10-23,http://www.if-sentinel.com/,110000000,2303
262,Live Free or Die Hard,2007-06-20,,110000000,2089
263,The Lord of the Rings: The Fellowship of the Ring,2001-12-18,http://www.lordoftherings.net/,93000000,8705
264,Around the World in 80 Days,2004-06-16,,110000000,672
265,Ali,2001-12-11,,107000000,447
266,The Cat in the Hat,2003-11-21,,0,366
267,"I, Robot",2004-07-15,,120000000,3793
268,Kingdom of Heaven,2005-05-03,http://www.kingdomofheavendvd.com/,130000000,1157
269,Stuart Little,1999-12-17,,133000000,959
270,The Princess and the Frog,2009-12-08,http://disney.go.com/disneypictures/princessandthefrog/,105000000,1247
271,The Martian,2015-09-30,http://www.foxmovies.com/movies/the-martian,108000000,7268
272,The Island,2005-07-20,http://www.theisland-themovie.com/,126000000,1770
273,Town & Country,2001-04-27,,90000000,16
274,Gone in Sixty Seconds,2000-06-09,,90000000,1485
275,Gladiator,2000-05-01,,103000000,5439
276,Minority Report,2002-06-20,,102000000,2608
277,Harry Potter and the Chamber of Secrets,2002-11-13,,100000000,5815
278,Casino Royale,2006-11-14,http://www.mgm.com/#/our-titles/233/Casino-Royale-(2006),150000000,3855
279,Planet of the Apes,2001-07-25,,100000000,1243
280,Terminator 2: Judgment Day,1991-07-01,,100000000,4185
281,Public Enemies,2009-07-01,http://www.publicenemies.net/,80000000,1344
282,American Gangster,2007-11-02,http://www.americangangster.net/,100000000,1502
283,True Lies,1994-07-14,,115000000,1116
284,The Taking of Pelham 1 2 3,2009-06-11,http://www.sonypictures.com/movies/thetakingofpelham123/,100000000,954
285,Little Fockers,2010-12-21,http://www.littlefockers.net/,100000000,1060
286,The Other Guys,2010-08-06,http://www.theotherguys-movie.com/,100000000,1383
287,Eraser,1996-06-21,http://www.warnerbros.com/eraser,100000000,543
288,Django Unchained,2012-12-25,http://unchainedmovie.com/,100000000,10099
289,The Hunchback of Notre Dame,1996-06-21,,100000000,1129
290,The Emperor's New Groove,2000-12-09,,100000000,1490
291,The Expendables 2,2012-08-08,http://theexpendables2film.com/,100000000,2896
292,National Treasure,2004-11-19,,100000000,1926
293,Eragon,2006-12-14,http://www.eragonmovie.com/,100000000,967
294,Where the Wild Things Are,2009-10-16,http://wherethewildthingsare.warnerbros.com/,100000000,572
295,Epic,2013-05-15,,100000000,1121
296,The Tourist,2010-12-08,http://thetourist-movie.com/,100000000,1699
297,End of Days,1999-11-24,http://www.end-of-days.com/,100000000,482
298,Blood Diamond,2006-12-07,,100000000,2281
299,The Wolf of Wall Street,2013-12-25,http://www.thewolfofwallstreet.com/,100000000,6571
300,Batman Forever,1995-05-31,,100000000,1498
301,Starship Troopers,1997-11-06,,105000000,1560
302,Cloud Atlas,2012-10-26,http://cloudatlas.warnerbros.com/,102000000,2977
303,Legend of the Guardians: The Owls of Ga'Hoole,2010-07-10,http://legendoftheguardians.warnerbros.com/,80000000,703
304,Catwoman,2004-07-22,,100000000,808
305,Hercules,2014-07-23,,100000000,1680
306,Treasure Planet,2002-11-26,,140000000,948
307,Land of the Lost,2009-06-05,,100000000,381
308,The Expendables 3,2014-08-04,http://theexpendables3film.com/,90000000,1795
309,Point Break,2015-12-03,https://www.facebook.com/PointBreakMovie,105000000,783
310,Son of the Mask,2005-02-18,,84000000,338
311,In the Heart of the Sea,2015-11-20,http://www.intheheartoftheseamovie.com/,100000000,1276
312,The Adventures of Pluto Nash,2002-08-15,,100000000,142
313,Green Zone,2010-03-11,http://www.greenzonemovie.com/,100000000,717
314,The Peanuts Movie,2015-11-05,http://www.peanutsmovie.com/,99000000,604
315,The Spanish Prisoner,1997-09-08,,10000000,73
316,The Mummy Returns,2001-04-28,,98000000,2206
317,Gangs of New York,2002-12-14,http://video.movies.go.com/gangsofnewyork/,100000000,1910
318,金陵十三釵,2011-12-15,http://www.theflowersofwarmovie.com/,94000000,187
319,Surf's Up,2007-06-08,http://www.sonypictures.com/homevideo/surfsup/,85000000,601
320,The Stepford Wives,2004-06-10,,90000000,334
321,Black Hawk Down,2001-12-28,,92000000,1811
322,The Campaign,2012-08-09,,0,578
323,The Fifth Element,1997-05-07,,90000000,3885
324,Sex and the City 2,2010-05-26,http://www.sexandthecitymovie.com/,100000000,426
325,The Road to El Dorado,2000-03-31,,95000000,858
326,Ice Age: Continental Drift,2012-06-26,http://www.iceagemovies.com/films/ice-age-continental-drift,95000000,2672
327,Cinderella,2015-03-12,http://movies.disney.com/cinderella,95000000,2374
328,The Lovely Bones,2009-12-26,http://www.lovelybones.com,65000000,1065
329,Finding Nemo,2003-05-30,http://movies.disney.com/finding-nemo,94000000,6122
330,The Lord of the Rings: The Return of the King,2003-12-01,http://www.lordoftherings.net,94000000,8064
331,The Lord of the Rings: The Two Towers,2002-12-18,http://www.lordoftherings.net/,79000000,7487
332,Seventh Son,2014-12-12,http://www.seventhsonmovie.com/,95000000,957
333,Lara Croft: Tomb Raider,2001-06-11,,115000000,2192
334,Transcendence,2014-04-16,,100000000,2295
335,Jurassic Park III,2001-07-18,,93000000,2077
336,Rise of the Planet of the Apes,2011-08-03,http://www.apeswillrise.com/,93000000,4347
337,The Spiderwick Chronicles,2008-02-14,,90000000,572
338,A Good Day to Die Hard,2013-02-06,http://www.diehardmovie.com/,92000000,3493
339,The Alamo,2004-04-07,,145000000,106
340,The Incredibles,2004-11-05,http://disney.go.com/disneyvideos/animatedfilms/incredibles/main.html,92000000,5152
341,Cutthroat Island,1995-12-22,,98000000,136
342,Percy Jackson & the Olympians: The Lightning Thief,2010-02-01,,95000000,2010
343,Men in Black,1997-07-02,http://www.sonypictures.com/homevideo/meninblack/,90000000,4412
344,Toy Story 2,1999-10-30,http://toystory.disney.com/toy-story-2,90000000,3806
345,Unstoppable,2010-11-04,,100000000,1165
346,Rush Hour 2,2001-08-03,,90000000,1054
347,What Lies Beneath,2000-07-21,,100000000,488
348,Cloudy with a Chance of Meatballs,2009-09-17,http://www.cloudywithachanceofmeatballs.com/,100000000,1747
349,Ice Age: Dawn of the Dinosaurs,2009-06-29,http://www.iceagemovies.com/films/ice-age-dawn-of-the-dinosaurs,90000000,2271
350,The Secret Life of Walter Mitty,2013-12-18,,90000000,3144
351,Charlie's Angels,2000-11-02,,92000000,1232
352,The Departed,2006-10-05,http://thedeparted.warnerbros.com/,90000000,4339
353,Mulan,1998-06-18,,90000000,2008
354,Tropic Thunder,2008-08-09,http://www.tropicthunder.com/,92000000,1667
355,The Girl with the Dragon Tattoo,2011-12-14,http://dragontattoo.com/,90000000,2434
356,Die Hard: With a Vengeance,1995-05-19,,90000000,2066
357,Sherlock Holmes,2009-12-23,http://sherlock-holmes-movie.warnerbros.com/,90000000,5766
358,Ben-Hur,2016-08-17,http://www.benhurmovie.com/,100000000,621
359,Atlantis: The Lost Empire,2001-06-02,http://www.disney.com/atlantis,120000000,1224
360,Alvin and the Chipmunks: The Road Chip,2015-12-17,http://www.foxmovies.com/movies/alvin-and-the-chipmunks-the-road-chip,0,428
361,Valkyrie,2008-12-25,,75000000,1173
362,You Don't Mess with the Zohan,2008-06-05,http://www.youdontmesswiththezohan.com/,90000000,1048
363,Pixels,2015-07-16,http://www.pixels-movie.com/,88000000,2513
364,A.I. Artificial Intelligence,2001-06-29,,100000000,1974
365,The Haunted Mansion,2003-11-25,,90000000,466
366,Contact,1997-07-11,http://www.warnerbros.com/contact,90000000,1308
367,Hollow Man,2000-08-04,,95000000,634
368,The Interpreter,2005-04-08,http://www.theinterpretermovie.com/,80000000,392
369,Percy Jackson: Sea of Monsters,2013-08-07,http://www.percyjacksonthemovie.com/us/#!/home,90000000,1648
370,Lara Croft Tomb Raider: The Cradle of Life,2003-07-21,,95000000,1418
371,Now You See Me 2,2016-06-02,http://nowyouseeme.movie,90000000,3235
372,The Saint,1997-04-03,,68000000,302
373,Spy Game,2001-11-18,,92000000,579
374,Mission to Mars,2000-03-10,,90000000,369
375,Rio,2011-04-03,http://www.riomovies.com/,90000000,2166
376,Bicentennial Man,1999-12-17,,100000000,963
377,Volcano,1997-04-25,,90000000,376
378,The Devil's Own,1997-03-12,,90000000,290
379,K-19: The Widowmaker,2002-07-19,,100000000,264
380,Conan the Barbarian,1982-04-02,,20000000,650
381,Cinderella Man,2005-06-02,http://www.cinderellamanmovie.com/index.php,88000000,616
382,The Nutcracker: The Untold Story,2010-11-24,http://www.nutcrackerin3d.com/,90000000,50
383,Seabiscuit,2003-07-22,http://www.seabiscuitmovie.com/,87000000,216
384,Twister,1996-05-10,,92000000,950
385,Cast Away,2000-12-22,,90000000,3218
386,Happy Feet,2006-11-16,http://www.warnerbros.com/happy-feet,100000000,1410
387,The Bourne Supremacy,2004-07-23,https://www.uphe.com/movies/the-bourne-supremacy,75000000,2825
388,Air Force One,1997-07-25,,85000000,840
389,Ocean's Eleven,2001-12-07,http://www.warnerbros.co.uk/movies/oceans-eleven,85000000,3783
390,The Three Musketeers,2011-08-31,http://www.threemusketeers-movie.com/,75000000,924
391,Hotel Transylvania,2012-09-20,http://www.welcometohotelt.com,85000000,2566
392,Enchanted,2007-11-20,http://disney.go.com/disneypictures/enchanted/,85000000,1449
393,Safe House,2012-02-09,http://www.nooneissafe.com,85000000,1345
394,102 Dalmatians,2000-10-07,,85000000,313
395,Tower Heist,2011-11-02,http://www.towerheist.com/index.php,75000000,932
396,The Holiday,2006-12-08,http://www.sonypictures.com/movies/theholiday/,85000000,1225
397,Enemy of the State,1998-11-20,,90000000,1240
398,It's Complicated,2009-12-23,http://itscomplicatedmovie.com/,85000000,360
399,Ocean's Thirteen,2007-06-07,http://oceans13.warnerbros.com/,85000000,1999
400,Open Season,2006-09-29,http://www.sonypictures.com/movies/openseason/,85000000,656
401,Divergent,2014-03-14,http://www.thedivergentseries.movie/#divergent,85000000,4663
402,Enemy at the Gates,2001-03-13,,68000000,999
403,The Rundown,2003-09-26,http://www.therundown.com/,85000000,514
404,Last Action Hero,1993-06-18,,85000000,712
405,Memoirs of a Geisha,2005-12-06,http://www.sonypictures.com/homevideo/memoirsofageisha/index.html,85000000,652
406,The Fast and the Furious: Tokyo Drift,2006-06-03,http://www.thefastandthefurious3.com/,85000000,1705
407,Arthur Christmas,2011-02-22,http://www.arthurchristmas.com/,0,333
408,Meet Joe Black,1998-11-12,http://www.meetjoeblack.com/,90000000,1147
409,Collateral Damage,2002-02-06,http://www.wbshop.com/product/code/1000040993.do,85000000,427
410,All That Jazz,1979-12-20,,0,85
411,Mirror Mirror,2012-03-15,,85000000,1114
412,Scott Pilgrim vs. the World,2010-07-27,http://www.scottpilgrimthemovie.com/,60000000,2126
413,The Core,2003-03-28,,60000000,516
414,Nutty Professor II: The Klumps,2000-07-27,,84000000,332
415,Scooby-Doo,2002-06-14,,84000000,820
416,Dredd,2012-09-07,http://dreddthemovie.com/,50000000,1940
417,Click,2006-06-22,,82500000,2104
418,Creepshow,1982-11-12,,8000000,226
419,Cats & Dogs 2 : The Revenge of Kitty Galore,2010-07-30,http://catsanddogsmovie.warnerbros.com/,85000000,119
420,Jumper,2008-02-10,http://www.fox.co.uk/jumper,85000000,1799
421,Hellboy II: The Golden Army,2008-07-11,,85000000,1527
422,Zodiac,2007-03-02,,65000000,2023
423,The 6th Day,2000-11-17,,82000000,595
424,Bruce Almighty,2003-05-23,http://www.brucealmighty.com/,80000000,3012
425,The Expendables,2010-08-03,http://expendablesthemovie.com/,80000000,2926
426,Mission: Impossible,1996-05-22,http://www.missionimpossible.com/,80000000,2631
427,The Hunger Games,2012-03-12,http://www.thehungergames.movie/,75000000,9455
428,The Hangover Part II,2011-05-25,http://hangoverpart2.warnerbros.com/,80000000,3739
429,Batman Returns,1992-06-19,,80000000,1673
430,Over the Hedge,2006-04-22,,80000000,1074
431,Lilo & Stitch,2002-06-21,,80000000,1314
432,Charlotte's Web,2006-12-15,,85000000,288
433,Deep Impact,1998-05-08,,75000000,855
434,RED 2,2013-07-18,http://red-themovie.com/,84000000,1526
435,The Longest Yard,2005-05-19,,82000000,785
436,Alvin and the Chipmunks: Chipwrecked,2011-12-14,http://www.munkyourself.com/,75000000,484
437,Grown Ups 2,2013-07-11,http://www.sonypictures.com/movies/grownups2,80000000,1155
438,Get Smart,2008-06-19,http://getsmartmovie.warnerbros.com/,80000000,1051
439,Something's Gotta Give,2003-12-12,,80000000,410
440,Shutter Island,2010-02-18,http://www.shutterisland.com/,80000000,6336
441,Four Christmases,2008-11-26,,80000000,331
442,Robots,2005-03-10,,75000000,1333
443,Face/Off,1997-06-27,,80000000,1583
444,Bedtime Stories,2008-12-24,,80000000,901
445,Road to Perdition,2002-07-12,,80000000,1077
446,Just Go with It,2011-02-10,http://www.justgowithit-movie.com,80000000,1543
447,Con Air,1997-06-01,,75000000,1270
448,Eagle Eye,2008-09-25,,80000000,1018
449,Cold Mountain,2003-12-24,,79000000,533
450,The Book of Eli,2010-01-14,,80000000,2164
451,Flubber,1997-11-26,,80000000,695
452,The Haunting,1999-07-23,,80000000,369
453,Space Jam,1996-11-15,http://www.warnerbros.com/archive/spacejam/movie/jam.htm,80000000,1288
454,The Pink Panther,2006-01-18,,0,550
455,The Day the Earth Stood Still,2008-12-10,,80000000,1043
456,Conspiracy Theory,1997-08-07,,75000000,431
457,Fury,2014-10-15,,68000000,3946
458,Six Days Seven Nights,1998-06-12,,70000000,332
459,Yogi Bear,2010-12-11,http://www.yogibear.com/,80000000,220
460,Spirit: Stallion of the Cimarron,2002-05-24,,80000000,831
461,Zookeeper,2011-07-06,http://www.zookeeper-movie.com/,80000000,498
462,Lost in Space,1998-04-03,,80000000,388
463,The Manchurian Candidate,2004-07-30,,80000000,393
464,Déjà Vu,1998-04-22,,0,1
465,Hotel Transylvania 2,2015-09-21,,80000000,1497
466,Fantasia 2000,1999-12-17,http://movies.disney.com/fantasia-2000,80000000,292
467,The Time Machine,2002-03-04,http://timemachine.countingdown.com/,80000000,631
468,Mighty Joe Young,1998-12-25,,90000000,208
469,Swordfish,2001-06-07,,102000000,932
470,The Legend of Zorro,2005-10-24,http://www.sonypictures.com/homevideo/thelegendofzorro/index.html,75000000,893
471,What Dreams May Come,1998-10-02,,85000000,577
472,Little Nicky,2000-11-10,,85000000,438
473,The Brothers Grimm,2005-08-26,,88000000,818
474,Mars Attacks!,1996-12-12,http://marsattacks.warnerbros.com/,70000000,1509
475,Évolution,2015-09-14,,0,47
476,The Edge,1997-09-06,,0,349
477,Surrogates,2009-09-24,http://chooseyoursurrogate.com/,80000000,1195
478,Thirteen Days,2000-12-24,,80000000,189
479,Daylight,1996-12-06,,80000000,378
480,Walking With Dinosaurs,2013-12-18,http://www.walkingwithdinosaurs.com/movie/,80000000,133
481,Battlefield Earth,2000-05-10,,44000000,255
482,Looney Tunes: Back in Action,2003-11-14,,80000000,297
483,Nine,2009-12-03,http://nine-movie.com/,80000000,165
484,Timeline,2003-11-26,,80000000,318
485,The Postman,1997-12-25,,80000000,299
486,Babe: Pig in the City,1998-11-25,,90000000,305
487,The Last Witch Hunter,2015-10-21,http://www.thelastwitchhunter.movie/,90000000,1316
488,Red Planet,2000-11-10,,80000000,267
489,Arthur et les Minimoys,2006-12-13,,86000000,639
490,Oceans,2009-10-17,http://oceans-lefilm.com/,0,111
491,A Sound of Thunder,2005-05-15,http://asoundofthunder.warnerbros.com/,80000000,111
492,Pompeii,2014-02-18,,130000000,1267
493,Don Gato: El inicio de la pandilla,2015-10-30,,8000000,9
494,A Beautiful Mind,2001-12-11,http://www.abeautifulmind.com/,60000000,3009
495,The Lion King,1994-06-23,http://movies.disney.com/the-lion-king,45000000,5376
496,Journey 2: The Mysterious Island,2012-01-19,http://www.themysteriousisland.com/,79000000,1030
497,Cloudy with a Chance of Meatballs 2,2013-09-26,,78000000,915
498,Red Dragon,2002-09-29,,78000000,1115
499,Hidalgo,2004-03-05,,100000000,318
500,Jack and Jill,2011-11-11,http://www.jackandjill-movie.com/,79000000,604
501,2 Fast 2 Furious,2003-06-05,,76000000,2028
502,The Little Prince,2015-07-29,http://www.thelittleprincemovie.com/,64000000,756
503,The Invasion,2007-08-17,,80000000,359
504,The Adventures of Rocky & Bullwinkle,2000-06-30,,76000000,87
505,The Secret Life of Pets,2016-06-18,http://www.thesecretlifeofpets.com/,75000000,3462
506,The League of Extraordinary Gentlemen,2003-07-11,,78000000,1155
507,Despicable Me 2,2013-06-25,http://www.despicableme.com/,76000000,4637
508,Independence Day,1996-06-25,,75000000,3260
509,The Lost World: Jurassic Park,1997-05-23,,73000000,2487
510,Madagascar,2005-05-25,,75000000,3237
511,Children of Men,2006-09-22,http://www.universalstudiosentertainment.com/children-of-men/,76000000,2071
512,X-Men,2000-07-13,,75000000,4097
513,Wanted,2008-06-19,http://www.wantedmovie.com/,75000000,2528
514,The Rock,1996-06-06,,75000000,1456
515,Ice Age: The Meltdown,2006-03-23,http://www.iceagemovies.com/films/ice-age-the-meltdown,80000000,2951
516,50 First Dates,2004-02-13,,75000000,2105
517,Hairspray,2007-07-13,http://www.hairspraymovie.com/,50000000,709
518,Exorcist: The Beginning,2004-08-20,,80000000,183
519,Inspector Gadget,1999-07-23,,75000000,318
520,Now You See Me,2013-05-29,,75000000,5487
521,Grown Ups,2010-06-24,http://www.grownups-movie.com/,80000000,1705
522,The Terminal,2004-06-17,http://www.theterminal-themovie.com/,60000000,1910
523,Hotel for Dogs,2009-01-16,,35000000,202
524,Vertical Limit,2000-12-08,https://www.epicbuzz.net/movies/vertical-limit,75000000,283
525,Charlie Wilson's War,2007-12-19,http://www.charliewilsonswar.net/,75000000,338
526,Shark Tale,2004-09-20,,75000000,1557
527,Dreamgirls,2006-12-25,http://www.dreamgirlsmovie.com/,70000000,284
528,Be Cool,2005-03-04,,53000000,292
529,Munich,2005-12-22,,70000000,696
530,Tears of the Sun,2003-03-07,,70000000,573
531,Killers,2010-06-04,http://killersfilm.com/,75000000,772
532,The Man from U.N.C.L.E.,2015-08-13,,75000000,2265
533,Spanglish,2004-12-17,,80000000,369
534,Monster House,2006-07-21,http://www.sonypictures.com/movies/monsterhouse/,75000000,874
535,Bandits,2001-10-12,,75000000,302
536,First Knight,1995-07-07,,55000000,311
537,Anna and the King,1999-12-16,,75000000,197
538,Immortals,2011-11-10,http://www.immortalsmovie.com/splash/,75000000,880
539,Hostage,2005-03-09,,52000000,512
540,Titan A.E.,2000-06-16,,75000000,313
541,Hollywood Homicide,2003-06-09,,75000000,166
542,Soldier,1998-10-23,http://www.wb-soldier.com/,75000000,221
543,Carriers,2009-09-04,,0,282
544,Monkeybone,2001-02-23,,75000000,78
545,Flight of the Phoenix,2004-12-17,,45000000,276
546,Unbreakable,2000-11-13,,75000000,1946
547,Minions,2015-06-17,http://www.minionsmovie.com/,74000000,4571
548,Sucker Punch,2011-03-24,http://suckerpunchmovie.warnerbros.com,82000000,1623
549,Snake Eyes,1998-08-07,,73000000,327
550,Sphere,1998-02-13,http://www.warnerbros.com/movies/home-entertainment/sphere/7bdffe73-2a0e-4e7a-98e7-cee4d723e0b3.html,75000000,476
551,The Angry Birds Movie,2016-05-11,http://www.angrybirds-movie.com/en/,73000000,1022
552,Fool's Gold,2008-02-07,http://www.warnerbros.com/fools-gold,70000000,444
553,Funny People,2009-07-31,http://www.funnypeoplemovie.com,75000000,390
554,The Kingdom,2007-08-22,http://www.thekingdommovie.com/,70000000,513
555,Talladega Nights: The Ballad of Ricky Bobby,2006-08-04,http://www.sonypictures.com/homevideo/talladeganights/,72500000,491
556,Dr. Dolittle 2,2001-06-22,,70000000,410
557,Braveheart,1995-05-24,,72000000,3336
558,Jarhead,2005-11-04,,72000000,765
559,The Simpsons Movie,2007-07-25,http://www.simpsonsmovie.com/,75000000,2264
560,The Majestic,2001-12-21,,72000000,188
561,Driven,2001-04-27,,94000000,179
562,Deux frères,2004-04-07,,74500000,180
563,The Village,2004-07-30,,60000000,1071
564,Doctor Dolittle,1998-06-22,,71000000,686
565,Signs,2002-08-02,,72000000,1599
566,Shrek 2,2004-05-19,http://www.shrek2.com/,150000000,2988
567,Cars,2006-06-08,http://disney.go.com/disneyvideos/animatedfilms/cars/,120000000,3877
568,Runaway Bride,1999-07-30,,70000000,455
569,xXx,2002-08-09,http://www.sonypictures.com/movies/xxx/,70000000,1424
570,The SpongeBob Movie: Sponge Out of Water,2015-02-05,http://www.spongebobmovie.com/,74000000,719
571,Ransom,1996-11-08,,80000000,470
572,Inglourious Basterds,2009-08-18,http://www.inglouriousbasterds-movie.com/,70000000,6430
573,Hook,1991-12-11,,70000000,1532
574,Die Hard 2,1990-07-02,,70000000,1896
575,S.W.A.T.,2003-08-08,http://www.sonypictures.com/homevideo/swat/,80000000,770
576,Vanilla Sky,2001-12-10,,68000000,1078
577,Lady in the Water,2006-07-21,,75000000,409
578,AVP: Alien vs. Predator,2004-08-12,http://www.avp-movie.com/,70000000,1217
579,Alvin and the Chipmunks: The Squeakquel,2009-12-21,http://www.munkyourself.com/,75000000,666
580,We Were Soldiers,2002-03-01,,75000000,521
581,Olympus Has Fallen,2013-03-20,,70000000,2981
582,Star Trek: Insurrection,1998-12-10,,70000000,391
583,Battle: Los Angeles,2011-03-08,http://www.battlela.com,70000000,1448
584,Big Fish,2003-12-25,,70000000,1994
585,Wolf,1994-06-17,,0,216
586,War Horse,2011-12-25,http://www.warhorsemovie.com/,66000000,992
587,The Monuments Men,2014-01-24,http://www.monumentsmen.com/,70000000,1523
588,The Abyss,1989-08-09,,70000000,808
589,Wall Street: Money Never Sleeps,2010-09-02,http://www.wallstreetmoneyneversleeps.com/,70000000,493
590,Dracula Untold,2014-10-01,,70000000,2389
591,The Siege,1998-11-06,,70000000,352
592,Stardust,2007-08-09,http://www.stardustmovie.com,70000000,1184
593,Seven Years in Tibet,1997-09-12,,70000000,630
594,The Dilemma,2011-01-13,http://www.thedilemmamovie.com,70000000,304
595,Bad Company,2002-06-07,,70000000,228
596,Doom,2005-10-20,,60000000,609
597,I Spy,2002-10-31,,70000000,269
598,Underworld: Awakening,2012-01-19,http://www.entertheunderworld.com/,70000000,1862
599,Rock of Ages,2012-06-13,http://www.warnerbros.com/rock-ages,75000000,385
600,Hart's War,2002-02-15,,70000000,241
601,Killer Elite,2011-09-23,,66000000,695
602,Rollerball,2002-02-08,,0,106
603,Ballistic: Ecks vs. Sever,2002-09-20,,70000000,97
604,Hard Rain,1998-01-16,,70000000,179
605,Osmosis Jones,2001-08-07,http://www.osmosisjones.com/,75000000,228
606,Legends of Oz: Dorothy's Return,2013-06-13,http://www.dorothyofozthemovie.com/,70000000,43
607,Blackhat,2015-01-13,http://www.legendary.com/film/blackhat/,70000000,826
608,Sky Captain and the World of Tomorrow,2004-09-17,http://www.skycaptain.com/,70000000,439
609,Basic Instinct 2,2006-03-29,,70000000,180
610,Escape Plan,2013-10-09,http://escapeplanmovie.com/,50000000,1659
611,The Legend of Hercules,2014-01-10,,70000000,533
612,The Sum of All Fears,2002-05-31,http://www.paramount.com/movies/sum-all-fears,68000000,437
613,The Twilight Saga: Eclipse,2010-06-23,http://eclipsethemovie.com,68000000,2301
614,The Score,2001-07-13,,68000000,423
615,Despicable Me,2010-07-08,http://www.despicable.me/,69000000,6478
616,Money Train,1995-11-21,,60000000,222
617,Ted 2,2015-06-25,,68000000,2463
618,Agora,2009-05-17,http://www.agoralapelicula.com/,70000000,395
619,Mystery Men,1999-08-06,,68000000,250
620,Hall Pass,2011-02-25,http://hallpassmovie.warnerbros.com/,36000000,611
621,The Insider,1999-10-28,,90000000,481
622,The Finest Hours,2016-01-25,https://www.facebook.com/thefinesthoursmovie,80000000,588
623,Body of Lies,2008-10-10,http://wwws.warnerbros.co.uk/bodyoflies/,70000000,895
624,Dinner for Schmucks,2010-07-30,http://www.dinnerforschmucks.com/,69000000,531
625,Abraham Lincoln: Vampire Hunter,2012-06-20,,69000000,1269
626,Entrapment,1999-04-29,http://www.foxmovies.com.au/entrapment,66000000,602
627,The X Files,1998-06-19,,66000000,488
628,The Last Legion,2007-04-19,,67000000,207
629,Saving Private Ryan,1998-07-24,,70000000,5048
630,Need for Speed,2014-03-13,,66000000,1520
631,What Women Want,2000-12-15,,70000000,992
632,Ice Age,2002-03-10,http://www.iceagemovies.com/films/ice-age,59000000,3857
633,Dreamcatcher,2003-03-21,http://dreamcatchermovie.warnerbros.com/,68000000,567
634,Lincoln,2012-11-09,,65000000,1429
635,The Matrix,1999-03-30,http://www.warnerbros.com/matrix,63000000,8907
636,Apollo 13,1995-06-30,,52000000,1599
637,The Santa Clause 2,2002-10-31,,65000000,297
638,Les Misérables,2012-12-18,http://www.lesmiserablesfilm.com,61000000,1884
639,You've Got Mail,1998-12-17,http://youvegotmail.warnerbros.com,65000000,838
640,Step Brothers,2008-07-25,,65000000,1062
641,The Mask of Zorro,1998-07-16,,95000000,1183
642,Due Date,2010-11-04,http://duedatemovie.warnerbros.com/,65000000,1685
643,Unbroken,2014-12-25,http://www.unbrokenfilm.com/,65000000,1400
644,Space Cowboys,2000-07-31,http://movies.warnerbros.com/spacecowboys/index.html,65000000,403
645,Cliffhanger,1993-05-28,,70000000,588
646,Broken Arrow,1996-02-09,,50000000,453
647,The Kid,2000-07-07,http://movies.disney.com/the-kid,65000000,238
648,World Trade Center,2006-08-09,,63000000,447
649,Mona Lisa Smile,2003-12-19,,65000000,393
650,The Dictator,2012-05-15,http://www.dictatorthemovie.com/,65000000,1743
651,Eyes Wide Shut,1999-07-14,http://eyeswideshut.warnerbros.com/,65000000,1234
652,Annie,2014-12-19,,65000000,466
653,Focus,2015-02-25,http://focusmovie.com/,50100000,2542
654,This Means War,2012-02-14,http://www.thismeanswarmovie.com/,65000000,1389
655,Blade: Trinity,2004-12-08,http://www.warnerbros.com/blade-trinity,65000000,1252
656,Red Dawn,1984-08-10,,4200000,215
657,Primary Colors,1998-03-20,,65000000,94
658,Resident Evil: Retribution,2012-09-12,http://www.residentevil-movie.com/site/,65000000,1600
659,Death Race,2008-08-22,http://www.deathracemovie.net/,45000000,1175
660,The Long Kiss Goodnight,1996-10-11,,65000000,314
661,Proof of Life,2000-12-08,,65000000,208
662,Zathura: A Space Adventure,2005-11-06,,65000000,779
663,Fight Club,1999-10-15,http://www.foxmovies.com/movies/fight-club,63000000,9413
664,We Are Marshall,2006-12-12,,65000000,186
665,Hudson Hawk,1991-05-23,,65000000,269
666,Lucky Numbers,2000-10-27,,65000000,52
667,"I, Frankenstein",2014-01-22,http://www.ifrankensteinfilm.com,65000000,687
668,Oliver Twist,2005-09-23,http://www.olivertwistthemovie.co.uk/,50000000,274
669,Elektra,2005-01-13,http://marvel.com/movies/movie/13/elektra,43000000,575
670,Sin City: A Dame to Kill For,2014-08-20,http://sincity-2.com/,65000000,1286
671,Random Hearts,1999-10-08,,64000000,63
672,Everest,2015-09-10,http://www.everestmovie.com/,55000000,1772
673,Perfume: The Story of a Murderer,2006-09-13,http://www.parfum.film.de/,50000000,1165
674,Austin Powers in Goldmember,2002-07-26,http://www.austinpowers.com/,63000000,979
675,Astro Boy,2009-10-15,http://www.astroboy-themovie.com/,65000000,409
676,Jurassic Park,1993-06-11,http://www.jurassicpark.com/,63000000,4856
677,Wyatt Earp,1994-06-24,,63000000,202
678,Clear and Present Danger,1994-08-03,,62000000,386
679,天將雄師,2015-02-19,,65000000,145
680,Little Man,2006-08-31,http://www.littleman-movie.com/,64000000,261
681,U-571,2000-04-20,http://www.u-571.com/,62000000,340
682,The American President,1995-11-17,,62000000,195
683,The Love Guru,2008-06-20,http://www.lovegurumovie.com/,62000000,242
684,3000 Miles to Graceland,2001-02-23,,62000000,178
685,The Hateful Eight,2015-12-25,http://thehatefuleight.com/,44000000,4274
686,Blades of Glory,2007-03-30,,53000000,569
687,Hop,2011-03-30,http://www.iwantcandy.com/,63000000,331
688,300,2006-12-09,http://300themovie.warnerbros.com,65000000,4997
689,Meet the Fockers,2004-12-22,http://www.meetthefockers.com/index.php,80000000,1373
690,Marley & Me,2008-12-25,http://marleyandmemovie.com/,60000000,1343
691,The Green Mile,1999-12-10,http://thegreenmile.warnerbros.com/,60000000,4048
692,Wild Hogs,2007-03-02,http://video.movies.go.com/wildhogs/,0,648
693,Chicken Little,2005-11-04,http://movies.disney.com/chicken-little,150000000,944
694,Gone Girl,2014-10-01,http://www.gonegirlmovie.com/,61000000,5862
695,The Bourne Identity,2002-06-14,http://www.universalstudiosentertainment.com/the-bourne-identity/,60000000,3583
696,GoldenEye,1995-11-16,http://www.mgm.com/view/movie/757/Goldeneye/,58000000,1174
697,The General's Daughter,1999-06-18,,60000000,205
698,The Truman Show,1998-06-04,,60000000,4537
699,The Prince of Egypt,1998-12-15,,70000000,817
700,Daddy Day Care,2003-05-03,,60000000,506
701,2 Guns,2013-08-02,http://www.2guns.net/,61000000,1589
702,Cats & Dogs,2001-07-04,http://catsanddogsmovie.warnerbros.com/cmp/main.html,60000000,352
703,The Italian Job,2003-05-30,http://www.italianjobmovie.com/,60000000,1919
704,Two Weeks Notice,2002-12-19,,60000000,487
705,Antz,1998-10-02,,60000000,1272
706,Couples Retreat,2009-09-19,http://www.couplesretreatmovie.com/,70000000,588
707,Days of Thunder,1990-06-27,,60000000,353
708,Cheaper by the Dozen 2,2005-12-21,,60000000,526
709,Maze Runner: The Scorch Trials,2015-09-09,http://mazerunnermovies.com,61000000,3040
710,Eat Pray Love,2010-08-12,http://www.sonypictures.com/movies/eatpraylove/,60000000,636
711,The Family Man,2000-12-12,,60000000,521
712,RED,2010-10-13,,58000000,2808
713,Any Given Sunday,1999-12-16,,55000000,422
714,The Horse Whisperer,1998-05-14,,60000000,292
715,Collateral,2004-08-04,,65000000,1451
716,The Scorpion King,2002-04-16,http://www.the-scorpion-king.com/,60000000,779
717,Ladder 49,2004-10-01,,60000000,207
718,Jack Reacher,2012-12-20,http://www.jackreachermovie.com/,60000000,2998
719,Deep Blue Sea,1999-07-28,,60000000,604
720,Michael Jackson's This Is It,2009-10-28,http://www.thisisit-movie.com,60000000,247
721,Contagion,2011-09-08,http://contagionmovie.warnerbros.com/,60000000,1325
722,Kangaroo Jack,2003-01-17,,0,203
723,Coraline,2009-02-05,http://coraline.com/,60000000,1386
724,The Happening,2008-06-11,http://www.thehappeningmovie.com,60000000,950
725,Man on Fire,2004-04-23,,70000000,1553
726,The Shaggy Dog,2006-03-09,http://movies.disney.com/the-shaggy-dog-2006,50000000,137
727,Starsky & Hutch,2004-03-05,,60000000,644
728,Jingle All the Way,1996-11-15,,60000000,575
729,Hellboy,2004-04-02,http://www.sonypictures.com/homevideo/hellboy/,66000000,2225
730,A Civil Action,1998-03-05,,70000000,109
731,ParaNorman,2012-08-03,http://paranorman.com,60000000,789
732,The Jackal,1997-11-14,,60000000,527
733,Paycheck,2003-12-25,,60000000,581
734,Up Close & Personal,1996-03-01,,60000000,50
735,The Tale of Despereaux,2008-12-19,https://www.uphe.com/movies/the-tale-of-despereaux,60000000,258
736,The Tuxedo,2002-09-27,,0,483
737,Under Siege 2: Dark Territory,1995-07-13,,60000000,210
738,Jack Ryan: Shadow Recruit,2014-01-15,,60000000,1173
739,Joy,2015-12-24,http://www.foxmovies.com/movies/joy,60000000,1581
740,London Has Fallen,2016-03-02,https://www.facebook.com/LondonHasFallenOfficial,60000000,1621
741,Alien: Resurrection,1997-11-12,,70000000,1365
742,Shooter,2007-03-22,http://www.shootermovie.com/,61000000,1462
743,The Boxtrolls,2014-09-10,,60000000,668
744,Practical Magic,1998-10-16,,75000000,338
745,The Lego Movie,2014-02-06,http://www.thelegomovie.com,60000000,3070
746,Miss Congeniality 2: Armed and Fabulous,2005-03-11,,0,425
747,Reign of Fire,2002-07-12,,60000000,669
748,Gangster Squad,2013-01-10,http://gangstersquad.warnerbros.com/,60000000,1778
749,Year One,2009-06-18,,60000000,524
750,Invictus,2009-12-10,http://invictusmovie.warnerbros.com,60000000,1125
751,State of Play,2009-04-17,http://www.stateofplaymovie.net/,60000000,484
752,Duplicity,2009-03-19,http://www.universalstudiosentertainment.com/duplicity/,78146652,201
753,My Favorite Martian,1999-02-11,,65000000,80
754,The Sentinel,2006-04-19,,60000000,225
755,Planet 51,2009-11-19,http://www.sonypictures.com/movies/planet51/,70000000,556
756,Star Trek: Nemesis,2002-12-13,,60000000,479
757,Intolerable Cruelty,2003-09-02,,60000000,391
758,Trouble with the Curve,2012-09-21,http://troublewiththecurve.warnerbros.com/,0,366
759,Edge of Darkness,2010-01-29,,80000000,487
760,The Relic,1997-01-10,,60000000,130
761,Analyze That,2002-12-06,,60000000,380
762,Righteous Kill,2008-09-11,http://www.righteouskill-themovie.com,60000000,375
763,Mercury Rising,1998-04-03,,60000000,368
764,The Soloist,2009-04-24,http://www.soloistmovie.com,60000000,234
765,The Legend of Bagger Vance,2000-11-02,,80000000,251
766,Almost Famous,2000-09-15,,60000000,797
767,Garfield: A Tail of Two Kitties,2006-06-15,,0,464
768,xXx: State of the Union,2005-04-27,http://www.sonypictures.com/movies/xxxstateoftheunion/,60000000,549
769,Priest,2011-05-05,http://www.priest-themovie.com/,60000000,692
770,Sinbad: Legend of the Seven Seas,2003-07-02,http://sinbad-themovie.com/main.html,60000000,372
771,Event Horizon,1997-08-15,,60000000,742
772,Dragonfly,2002-02-22,,60000000,204
773,The Black Dahlia,2006-09-15,,50000000,287
774,Flyboys,2006-09-22,,60000000,271
775,The Last Castle,2001-10-19,,72000000,285
776,Supernova,2000-01-14,,90000000,109
777,Winter's Tale,2014-02-13,http://www.winterstalemovie.com/,60000000,487
778,The Mortal Instruments: City of Bones,2013-08-21,http://www.themortalinstrumentsmovie.com/,60000000,1602
779,Meet Dave,2008-07-08,http://www.meetdavemovie.com/,60000000,371
780,Dark Water,2005-06-27,,30000000,274
781,Edtv,1999-03-26,,80000000,166
782,Inkheart,2008-12-11,http://www.inkheartmovie.com/,60000000,592
783,The Spirit,2008-12-25,http://www.mycityscreams.com/,60000000,320
784,Mortdecai,2015-01-21,http://mortdecaithemovie.com/,60000000,1055
785,In the Name of the King: A Dungeon Siege Tale,2007-11-29,http://www.inthenameoftheking.com/,60000000,224
786,Beyond Borders,2003-10-23,,35000000,110
787,西游记之孙悟空三打白骨精,2016-01-22,http://themonkeykingmovie.com,68490000,24
788,The Great Raid,2005-08-12,,80000000,91
789,Deadpool,2016-02-09,http://www.foxmovies.com/movies/deadpool,58000000,10995
790,Holy Man,1998-10-08,,60000000,111
791,American Sniper,2014-12-11,http://www.americansnipermovie.com,58800000,4469
792,Goosebumps,2015-08-05,http://www.goosebumps-movie.com/,58000000,995
793,Just Like Heaven,2005-09-16,,58000000,579
794,The Flintstones in Viva Rock Vegas,2000-04-28,http://www.vivarockvegas.com/,83000000,134
795,Rambo III,1988-05-24,,63000000,690
796,Leatherheads,2008-03-24,http://www.leatherheadsmovie.com/,58000000,130
797,The Ridiculous 6,2015-12-11,http://www.netflix.com/title/80039517,60000000,388
798,Did You Hear About the Morgans?,2009-12-17,,58000000,276
799,The Internship,2013-06-07,http://www.theinternshipmovie.com/,58000000,1658
800,Resident Evil: Afterlife,2010-09-09,http://www.sonypictures.com/movies/residentevilafterlife/site/,60000000,1363
801,Red Tails,2012-01-19,http://www.redtails2012.com/,58000000,178
802,The Devil's Advocate,1997-10-17,,57000000,1374
803,That's My Boy,2012-06-14,http://www.sonypictures.com/movies/thatsmyboy/,70000000,453
804,DragonHeart,1996-05-31,,57000000,535
805,After the Sunset,2004-11-12,http://www.afterthesunset.com/,60000000,226
806,Ghost Rider: Spirit of Vengeance,2011-12-10,http://www.thespiritofvengeance.com/,57000000,1135
807,Captain Corelli's Mandolin,2001-08-17,http://movies.uip.de/corellismandoline/,57000000,145
808,The Pacifier,2005-03-04,http://movies.disney.com/the-pacifier,56000000,842
809,Walking Tall,2004-04-02,,56000000,381
810,Forrest Gump,1994-07-06,,55000000,7927
811,Alvin and the Chipmunks,2007-12-13,http://www.chipmunks.com,60000000,1177
812,Meet the Parents,2000-10-06,,55000000,1698
813,Pocahontas,1995-06-14,,55000000,1457
814,Superman,1978-12-13,,55000000,1022
815,The Nutty Professor,1996-06-26,,54000000,702
816,Hitch,2005-02-10,,70000000,1665
817,George of the Jungle,1997-07-15,,55000000,496
818,American Wedding,2003-08-01,,55000000,1129
819,Captain Phillips,2013-10-10,http://www.captainphillipsmovie.com,55000000,2454
820,Date Night,2010-04-08,http://www.datenight-movie.com/,55000000,1122
821,Casper,1995-05-26,,50000000,1019
822,The Equalizer,2014-09-24,,55000000,2954
823,Maid in Manhattan,2002-12-13,http://www.sonypictures.com/movies/maidinmanhattan/,55000000,485
824,Crimson Tide,1995-05-12,,53000000,498
825,The Pursuit of Happyness,2006-12-14,http://www.sonypictures.com/homevideo/thepursuitofhappyness/,55000000,2525
826,Flightplan,2005-09-22,,55000000,772
827,Disclosure,1994-12-09,,55000000,210
828,City of Angels,1998-04-10,,55000000,529
829,Kill Bill: Vol. 1,2003-10-10,http://www.miramax.com/movie/kill-bill-volume-1/,30000000,4949
830,Bowfinger,1999-08-12,,55000000,254
831,Kill Bill: Vol. 2,2004-04-16,,30000000,3948
832,Tango & Cash,1989-12-22,,55000000,458
833,Death Becomes Her,1992-07-30,,55000000,636
834,Shanghai Noon,2000-05-26,,55000000,735
835,Executive Decision,1996-03-15,,55000000,256
836,Mr. Popper's Penguins,2011-06-17,http://www.popperspenguins.com/main.html,55000000,751
837,The Forbidden Kingdom,2008-04-18,http://www.forbiddenkingdommovie.com/,55000000,461
838,Free Birds,2013-10-30,,55000000,254
839,Alien³,1992-05-22,,50000000,1633
840,Evita,1996-12-14,http://en.wikipedia.org/wiki/Evita_(film),55000000,120
841,Ronin,1998-09-25,,55000000,658
842,The Ghost and the Darkness,1996-10-11,,50000000,236
843,Paddington,2014-11-27,http://www.paddington.com/,55000000,883
844,The Watch,2012-07-26,,68000000,881
845,The Hunted,2003-03-11,,55000000,189
846,Instinct,1999-06-04,,80000000,146
847,Stuck on You,2003-12-10,,55000000,188
848,Semi-Pro,2008-02-28,http://newline.com/properties/semipro.html,0,251
849,The Pirates! In an Adventure with Scientists!,2012-03-12,,60000000,374
850,Changeling,2008-01-30,http://www.changelingmovie.net,55000000,1131
851,Chain Reaction,1996-08-02,,50000000,284
852,The Fan,1996-08-15,,55000000,194
853,The Phantom of the Opera,2004-12-08,,70000000,438
854,Elizabeth: The Golden Age,2007-09-09,,55000000,303
855,Æon Flux,2005-11-30,,62000000,703
856,Gods and Generals,2003-02-21,,56000000,48
857,Turbulence,1997-01-09,,55000000,62
858,Imagine That,2009-06-19,http://www.imaginethatmovie.com/,55000000,134
859,Muppets Most Wanted,2014-03-20,,50000000,316
860,Thunderbirds,2004-07-23,http://www.thunderbirdsmovie.com,57000000,91
861,Burlesque,2010-11-23,http://www.burlesquethemovie.com/,55000000,573
862,Un long dimanche de fiançailles,2004-10-26,,47000000,346
863,Lolita,1962-06-13,,2000000,395
864,D-Tox,2002-01-04,,55000000,123
865,Blade II,2002-03-22,http://www.warnerbros.com/blade-ii,54000000,1528
866,Seven Pounds,2008-12-18,http://www.sonypictures.com/movies/sevenpounds/,55000000,2039
867,Bullet to the Head,2013-01-31,,55000000,481
868,The Godfather: Part III,1990-12-24,http://www.imdb.com/title/tt0099674/,54000000,1546
869,Elizabethtown,2005-10-06,,57000000,327
870,"You, Me and Dupree",2006-07-14,http://www.youmeanddupree.com/,54000000,407
871,Superman II,1980-12-04,,54000000,629
872,Gigli,2003-08-01,http://www.sonypictures.com/homevideo/catalog/catalogDetail_DVD043396087576.html,54000000,104
873,All the King's Men,2006-09-10,http://www.sonypictures.com/homevideo/allthekingsmen/,55000000,95
874,Shaft,2000-06-15,,46000000,308
875,Anastasia,1997-11-20,,53000000,1432
876,Moulin Rouge!,2001-03-09,,52500000,1300
877,Domestic Disturbance,2001-10-30,,75000000,113
878,Black Mass,2015-09-04,,53000000,1242
879,Flags of Our Fathers,2006-10-18,,90000000,526
880,Law Abiding Citizen,2009-10-15,,53000000,1486
881,Grindhouse,2007-04-06,,67000000,459
882,Beloved,1998-10-16,,0,26
883,Lucky You,2007-05-01,http://luckyyoumovie.warnerbros.com/,0,81
884,Catch Me If You Can,2002-12-25,https://www.facebook.com/CatchMeIfYouCanMovie,52000000,3795
885,Zero Dark Thirty,2012-12-19,http://www.zerodarkthirty-movie.com/site/,40000000,1702
886,The Break-Up,2006-06-01,https://www.uphe.com/movies/the-break-up,52000000,832
887,Mamma Mia!,2008-07-03,,52000000,1386
888,Valentine's Day,2010-02-10,http://www.valentinesdaymovie.com/,52000000,1013
889,The Dukes of Hazzard,2005-08-05,http://www.warnerbros.com/dukes-hazzard/index_splash,50000000,316
890,The Thin Red Line,1998-12-25,,52000000,771
891,The Change-Up,2011-08-05,http://www.thechangeupmovie.com/,52000000,736
892,Man on the Moon,1999-12-22,http://www.universalpictures.com/manonthemoon/,82000000,435
893,Casino,1995-11-22,,52000000,1307
894,From Paris with Love,2010-02-05,http://www.frompariswithlovefilm.com/,52000000,675
895,Bulletproof Monk,2003-03-28,,52000000,278
896,"Me, Myself & Irene",2000-06-22,,51000000,927
897,Barnyard,2006-08-04,,51000000,225
898,Deck the Halls,2006-11-22,,0,109
899,The Twilight Saga: New Moon,2009-03-15,http://www.twilightthemovie.com/,50000000,2436
900,Shrek,2001-05-16,http://www.shrek.com/,60000000,4056
901,The Adjustment Bureau,2011-03-03,http://www.theadjustmentbureau.com/,50200000,1652
902,Robin Hood: Prince of Thieves,1991-06-14,,48000000,909
903,Jerry Maguire,1996-12-06,,50000000,913
904,Ted,2012-06-29,http://www.tedisreal.com/,50000000,4697
905,As Good as It Gets,1997-12-19,,50000000,915
906,Patch Adams,1998-12-25,,50000000,832
907,Anchorman 2: The Legend Continues,2013-12-18,,50000000,923
908,Mr. Deeds,2002-06-28,,50000000,644
909,Super 8,2011-06-08,http://www.super8-movie.com/,50000000,2435
910,Erin Brockovich,2000-03-17,http://www.brockovich.com/movie.html,52000000,716
911,How to Lose a Guy in 10 Days,2003-02-07,,50000000,850
912,22 Jump Street,2014-06-05,http://www.22jumpstreetmovie.com,50000000,3319
913,Interview with the Vampire,1994-11-11,,60000000,1516
914,Yes Man,2008-12-09,,70000000,1813
915,Central Intelligence,2016-06-15,http://www.centralintelligencemovie.com/,50000000,1650
916,Stepmom,1998-12-25,,0,277
917,Daddy's Home,2015-12-25,http://daddyshomemovie.tumblr.com/,50000000,854
918,Into the Woods,2014-12-25,http://movies.disney.com/into-the-woods/,50000000,1652
919,Inside Man,2006-03-23,http://theinsideman.net,45000000,1630
920,Payback,1999-02-05,,90000000,548
921,Congo,1995-06-09,,50000000,213
922,We Bought a Zoo,2011-12-22,http://www.weboughtazoo.com/,50000000,909
923,Knowing,2009-03-19,http://knowing-themovie.com/,50000000,1486
924,Failure to Launch,2006-03-10,,50000000,399
925,The Ring Two,2005-03-17,,50000000,632
926,"Crazy, Stupid, Love.",2011-07-29,http://crazystupidlove.warnerbros.com/index.html,50000000,2443
927,Garfield,2004-06-10,,50000000,820
928,Christmas with the Kranks,2004-11-24,,60000000,193
929,Moneyball,2011-09-22,http://www.moneyball-movie.com/,50000000,1381
930,Outbreak,1995-03-10,,50000000,513
931,Non-Stop,2014-01-26,,50000000,2268
932,Race to Witch Mountain,2009-03-12,,50000000,509
933,V for Vendetta,2006-03-15,http://vforvendetta.warnerbros.com/,54000000,4442
934,Shanghai Knights,2003-02-06,,50000000,692
935,Curious George,2006-02-10,,50000000,106
936,Herbie Fully Loaded,2005-06-22,,50000000,542
937,Don't Say a Word,2001-09-28,,50000000,220
938,Hansel & Gretel: Witch Hunters,2013-01-17,http://www.hanselandgretelmovie.com/,50000000,3239
939,Unfaithful,2002-05-10,,50000000,276
940,I Am Number Four,2011-02-18,http://www.findnumberfour.com/,50000000,1567
941,Syriana,2005-11-23,http://syrianamovie.warnerbros.com/,50000000,451
942,13 Hours: The Secret Soldiers of Benghazi,2016-01-13,http://www.thirteenhoursmovie.com/,50000000,938
943,The Book of Life,2014-10-01,http://www.bookoflifemovie.com/,50000000,755
944,Firewall,2006-02-10,,45000000,267
945,Absolute Power,1997-02-14,,50000000,223
946,G.I. Jane,1997-08-22,,50000000,395
947,The Game,1997-09-12,,50000000,1506
948,Silent Hill,2006-04-21,http://www.sonypictures.com/homevideo/silenthill/,50000000,1067
949,The Replacements,2000-08-07,,0,203
950,American Reunion,2012-04-04,http://www.americanreunionmovie.com/,50000000,1611
951,The Negotiator,1998-07-29,,50000000,582
952,Into the Storm,2014-08-06,,50000000,817
953,Beverly Hills Cop III,1994-05-24,,50000000,434
954,Gremlins 2: The New Batch,1990-06-15,,50000000,652
955,The Judge,2014-10-08,http://thejudgemovie.com/,50000000,1417
956,The Peacemaker,1997-09-26,,50000000,255
957,Resident Evil: Apocalypse,2004-09-10,,45000000,1267
958,Bridget Jones: The Edge of Reason,2004-11-10,,50000000,750
959,Out of Time,2003-10-03,,50000000,298
960,On Deadly Ground,1994-02-18,,50000000,104
961,The Adventures of Sharkboy and Lavagirl,2005-06-10,http://www.miramax.com/movie/the-adventures-of-sharkboy-and-lavagirl/,50000000,269
962,The Beach,2000-02-11,,40000000,1233
963,Raising Helen,2004-05-27,,50000000,189
964,Ninja Assassin,2009-09-29,http://ninja-assassin-movie.warnerbros.com/,40000000,371
965,For Love of the Game,1999-09-17,,50000000,88
966,Striptease,1996-06-28,,50000000,205
967,Marmaduke,2010-06-04,http://www.themarmadukemovie.com/,50000000,149
968,Hereafter,2010-10-15,http://hereafter.warnerbros.com/,50000000,510
969,Murder by Numbers,2002-04-19,,50000000,268
970,Assassins,1995-10-06,,50000000,387
971,Hannibal Rising,2007-02-06,http://hannibalrising.com/,50000000,654
972,The Story of Us,1999-10-13,,50000000,75
973,The Host,2013-03-22,,44000000,1817
974,Basic,2003-04-18,,50000000,286
975,Blood Work,2002-08-04,,50000000,206
976,The International,2009-02-03,http://www.sonypictures.com/movies/theinternational/site/,50000000,368
977,Escape from L.A.,1996-08-09,http://www.theofficialjohncarpenter.com/escape-from-la/,50000000,373
978,The Iron Giant,1999-08-06,https://www.warnerbros.com/iron-giant,70000000,1436
979,The Life Aquatic with Steve Zissou,2004-12-10,,50000000,775
980,Free State of Jones,2016-06-24,http://stxmovies.com/freestateofjones/,50000000,428
981,The Life of David Gale,2003-02-21,,50000000,480
982,Man of the House,2005-02-25,,40000000,120
983,Run All Night,2015-03-11,,50000000,1148
984,Eastern Promises,2007-09-14,http://www.focusfeatures.com/easternpromises/,51500000,848
985,Into the Blue,2005-09-30,,50000000,458
986,Joan of Arc,1999-10-18,,60000000,367
987,Your Highness,2011-04-08,http://www.yourhighnessmovie.net/,49900000,501
988,Dream House,2011-09-30,,50000000,391
989,Mad City,1997-11-07,,50000000,81
990,Baby's Day Out,1994-07-01,,50000000,274
991,The Scarlet Letter,1995-10-13,,50000000,108
992,Fair Game,2010-05-20,http://www.fairgame-movie.com/,22000000,235
993,Domino,2005-09-22,,50000000,444
994,Jade,1995-10-13,,50000000,44
995,Gamer,2009-09-03,http://gamerthemovie.com,50000000,760
996,Beautiful Creatures,2013-02-13,,60000000,984
997,Death to Smoochy,2002-03-28,,55000000,132
998,Zoolander 2,2016-02-06,http://www.zoolander.com/,50000000,797
999,The Big Bounce,2004-01-30,,50000000,76
1000,What Planet Are You From?,2000-03-03,,60000000,37
